Model,threshold,F1,Precision,Recall,Specificity
DenseNet121,0.05,0.1271,0.0679,0.9866,0.429
DenseNet121,0.06,0.1304,0.0698,0.9847,0.447
DenseNet121,0.07,0.1336,0.0717,0.9828,0.4633
DenseNet121,0.08,0.1358,0.073,0.9789,0.4756
DenseNet121,0.09,0.1384,0.0745,0.977,0.4879
DenseNet121,0.1,0.1408,0.0759,0.9751,0.4995
DenseNet121,0.11,0.1427,0.077,0.9751,0.5071
DenseNet121,0.12,0.1449,0.0783,0.9732,0.5167
DenseNet121,0.13,0.1463,0.0791,0.9713,0.5233
DenseNet121,0.14,0.1481,0.0801,0.9713,0.5299
DenseNet121,0.15,0.1502,0.0814,0.9713,0.5377
DenseNet121,0.16,0.1511,0.0819,0.9674,0.5429
DenseNet121,0.17,0.1526,0.0828,0.9674,0.5484
DenseNet121,0.18,0.1541,0.0837,0.9655,0.5545
DenseNet121,0.19,0.1554,0.0845,0.9655,0.5591
DenseNet121,0.2,0.1571,0.0855,0.9655,0.5647
DenseNet121,0.21,0.1585,0.0863,0.9636,0.5701
DenseNet121,0.22,0.1596,0.087,0.9636,0.5738
DenseNet121,0.23,0.1609,0.0878,0.9636,0.5777
DenseNet121,0.24,0.1624,0.0887,0.9636,0.5824
DenseNet121,0.25,0.1639,0.0895,0.9636,0.5869
DenseNet121,0.26,0.1649,0.0902,0.9617,0.5909
DenseNet121,0.27,0.1663,0.091,0.9617,0.5952
DenseNet121,0.28,0.1677,0.0919,0.9617,0.5991
DenseNet121,0.29,0.169,0.0926,0.9598,0.6037
DenseNet121,0.3,0.1704,0.0935,0.9598,0.6075
DenseNet121,0.31,0.1714,0.0941,0.9598,0.6104
DenseNet121,0.32,0.1725,0.0948,0.9579,0.6143
DenseNet121,0.33,0.1734,0.0954,0.954,0.6184
DenseNet121,0.34,0.1747,0.0962,0.954,0.6219
DenseNet121,0.35,0.1752,0.0965,0.9502,0.625
DenseNet121,0.36,0.176,0.097,0.9502,0.6271
DenseNet121,0.37,0.1772,0.0977,0.9502,0.6302
DenseNet121,0.38,0.1785,0.0985,0.9502,0.6333
DenseNet121,0.39,0.1797,0.0992,0.9502,0.6363
DenseNet121,0.4,0.18,0.0995,0.9464,0.6387
DenseNet121,0.41,0.1809,0.1,0.9425,0.6425
DenseNet121,0.42,0.1815,0.1005,0.9406,0.6449
DenseNet121,0.43,0.1827,0.1012,0.9406,0.6477
DenseNet121,0.44,0.1838,0.1019,0.9406,0.6504
DenseNet121,0.45,0.1852,0.1027,0.9406,0.6536
DenseNet121,0.46,0.187,0.1038,0.9406,0.6578
DenseNet121,0.47,0.1881,0.1045,0.9406,0.6602
DenseNet121,0.48,0.1895,0.1053,0.9406,0.6632
DenseNet121,0.49,0.1901,0.1058,0.9368,0.6661
DenseNet121,0.5,0.1904,0.106,0.933,0.6683
DenseNet121,0.51,0.1917,0.1068,0.933,0.671
DenseNet121,0.52,0.1917,0.1069,0.9291,0.6727
DenseNet121,0.53,0.1928,0.1076,0.9272,0.6758
DenseNet121,0.54,0.1936,0.1081,0.9253,0.6781
DenseNet121,0.55,0.1942,0.1086,0.9215,0.681
DenseNet121,0.56,0.1954,0.1093,0.9195,0.6841
DenseNet121,0.57,0.197,0.1103,0.9195,0.6873
DenseNet121,0.58,0.198,0.111,0.9195,0.6894
DenseNet121,0.59,0.1993,0.1118,0.9176,0.6926
DenseNet121,0.6,0.2003,0.1124,0.9157,0.6953
DenseNet121,0.61,0.2013,0.1131,0.9138,0.6978
DenseNet121,0.62,0.2024,0.1138,0.9119,0.7008
DenseNet121,0.63,0.2041,0.1149,0.9119,0.7039
DenseNet121,0.64,0.2052,0.1156,0.91,0.7066
DenseNet121,0.65,0.2054,0.1158,0.9042,0.709
DenseNet121,0.66,0.2064,0.1166,0.9023,0.7117
DenseNet121,0.67,0.2069,0.1169,0.8985,0.7139
DenseNet121,0.68,0.2086,0.118,0.8985,0.7169
DenseNet121,0.69,0.2101,0.119,0.8966,0.7201
DenseNet121,0.7,0.2118,0.1201,0.8966,0.723
DenseNet121,0.71,0.2126,0.1207,0.8927,0.7257
DenseNet121,0.72,0.2147,0.122,0.8927,0.7292
DenseNet121,0.73,0.2165,0.1232,0.8908,0.7327
DenseNet121,0.74,0.2168,0.1235,0.8851,0.7352
DenseNet121,0.75,0.2187,0.1248,0.8851,0.7382
DenseNet121,0.76,0.2207,0.1261,0.8851,0.7414
DenseNet121,0.77,0.2231,0.1277,0.8831,0.7456
DenseNet121,0.78,0.225,0.129,0.8812,0.7491
DenseNet121,0.79,0.2265,0.1301,0.8755,0.7531
DenseNet121,0.8,0.2298,0.1323,0.8755,0.7579
DenseNet121,0.81,0.2327,0.1342,0.8736,0.7624
DenseNet121,0.82,0.2347,0.1357,0.8697,0.7664
DenseNet121,0.83,0.2374,0.1376,0.8659,0.7711
DenseNet121,0.84,0.2383,0.1384,0.8563,0.7753
DenseNet121,0.85,0.2417,0.1408,0.8525,0.7807
DenseNet121,0.86,0.2427,0.1419,0.8391,0.786
DenseNet121,0.87,0.2464,0.1445,0.8352,0.7915
DenseNet121,0.88,0.2486,0.1464,0.8238,0.7974
DenseNet121,0.89,0.2531,0.1497,0.818,0.8041
DenseNet121,0.9,0.2574,0.153,0.8123,0.8104
DenseNet121,0.91,0.2635,0.1575,0.8046,0.8186
DenseNet121,0.92,0.2703,0.1628,0.7969,0.8272
DenseNet121,0.93,0.2767,0.168,0.7835,0.8364
DenseNet121,0.94,0.2847,0.1746,0.7701,0.8465
DenseNet121,0.95,0.2895,0.18,0.7395,0.8579
ResNet50,0.05,0.1593,0.0868,0.9636,0.5727
ResNet50,0.06,0.1639,0.0896,0.9598,0.5887
ResNet50,0.07,0.1679,0.092,0.9598,0.6006
ResNet50,0.08,0.1709,0.0938,0.9559,0.6108
ResNet50,0.09,0.1739,0.0957,0.954,0.6197
ResNet50,0.1,0.1767,0.0974,0.9502,0.6288
ResNet50,0.11,0.1792,0.0989,0.9502,0.6351
ResNet50,0.12,0.1816,0.1004,0.9483,0.6418
ResNet50,0.13,0.1828,0.1012,0.9406,0.6479
ResNet50,0.14,0.185,0.1026,0.9387,0.6539
ResNet50,0.15,0.1868,0.1038,0.9349,0.6596
ResNet50,0.16,0.1882,0.1047,0.931,0.6643
ResNet50,0.17,0.1899,0.1058,0.9291,0.6688
ResNet50,0.18,0.1922,0.1072,0.9291,0.6737
ResNet50,0.19,0.1942,0.1084,0.9291,0.6779
ResNet50,0.2,0.1953,0.1092,0.9253,0.6816
ResNet50,0.21,0.1971,0.1103,0.9253,0.6852
ResNet50,0.22,0.1984,0.1111,0.9215,0.6893
ResNet50,0.23,0.2,0.1122,0.9215,0.6925
ResNet50,0.24,0.2011,0.1129,0.9176,0.6961
ResNet50,0.25,0.2024,0.1137,0.9176,0.6986
ResNet50,0.26,0.2046,0.1151,0.9176,0.7026
ResNet50,0.27,0.206,0.1161,0.9157,0.706
ResNet50,0.28,0.2075,0.1171,0.9138,0.7094
ResNet50,0.29,0.209,0.118,0.9119,0.7127
ResNet50,0.3,0.2095,0.1185,0.9061,0.7157
ResNet50,0.31,0.211,0.1195,0.9023,0.7196
ResNet50,0.32,0.2127,0.1206,0.9004,0.7231
ResNet50,0.33,0.2143,0.1216,0.9004,0.7259
ResNet50,0.34,0.2155,0.1225,0.8966,0.7292
ResNet50,0.35,0.2169,0.1234,0.8966,0.7314
ResNet50,0.36,0.2169,0.1235,0.8889,0.734
ResNet50,0.37,0.2191,0.1249,0.8889,0.7375
ResNet50,0.38,0.22,0.1256,0.887,0.7396
ResNet50,0.39,0.2216,0.1266,0.887,0.7421
ResNet50,0.4,0.2232,0.1277,0.887,0.7445
ResNet50,0.41,0.2243,0.1285,0.8831,0.7474
ResNet50,0.42,0.226,0.1296,0.8812,0.7505
ResNet50,0.43,0.2276,0.1306,0.8812,0.7528
ResNet50,0.44,0.2285,0.1313,0.8793,0.7548
ResNet50,0.45,0.2304,0.1325,0.8793,0.7574
ResNet50,0.46,0.2318,0.1335,0.8793,0.7594
ResNet50,0.47,0.2326,0.1341,0.8774,0.7611
ResNet50,0.48,0.2335,0.1348,0.8736,0.7636
ResNet50,0.49,0.2343,0.1354,0.8697,0.7659
ResNet50,0.5,0.2353,0.1361,0.8678,0.7677
ResNet50,0.51,0.2359,0.1366,0.864,0.7698
ResNet50,0.52,0.2375,0.1377,0.8621,0.7725
ResNet50,0.53,0.2393,0.139,0.8602,0.7753
ResNet50,0.54,0.2402,0.1396,0.8602,0.7765
ResNet50,0.55,0.2417,0.1407,0.8582,0.7789
ResNet50,0.56,0.2434,0.1419,0.8563,0.7816
ResNet50,0.57,0.2446,0.1428,0.8525,0.7843
ResNet50,0.58,0.2449,0.1431,0.8487,0.7857
ResNet50,0.59,0.2473,0.1447,0.8487,0.7885
ResNet50,0.6,0.2488,0.1458,0.8467,0.7909
ResNet50,0.61,0.2516,0.1478,0.8467,0.7941
ResNet50,0.62,0.2534,0.149,0.8448,0.7966
ResNet50,0.63,0.2543,0.1498,0.841,0.7987
ResNet50,0.64,0.2555,0.1507,0.8372,0.8011
ResNet50,0.65,0.2582,0.1527,0.8352,0.8046
ResNet50,0.66,0.2596,0.1538,0.8314,0.8072
ResNet50,0.67,0.2621,0.1556,0.8314,0.8097
ResNet50,0.68,0.2636,0.1567,0.8295,0.8118
ResNet50,0.69,0.2647,0.1577,0.8238,0.8145
ResNet50,0.7,0.2654,0.1584,0.818,0.8167
ResNet50,0.71,0.265,0.1584,0.8103,0.8185
ResNet50,0.72,0.2672,0.16,0.8103,0.8206
ResNet50,0.73,0.2695,0.1618,0.8065,0.8238
ResNet50,0.74,0.2712,0.1632,0.8027,0.8264
ResNet50,0.75,0.2722,0.164,0.7989,0.8284
ResNet50,0.76,0.2745,0.1658,0.7969,0.831
ResNet50,0.77,0.276,0.1671,0.7912,0.8338
ResNet50,0.78,0.2773,0.1685,0.7835,0.8369
ResNet50,0.79,0.277,0.1687,0.7739,0.8392
ResNet50,0.8,0.2798,0.171,0.7701,0.8426
ResNet50,0.81,0.2836,0.1738,0.7701,0.8457
ResNet50,0.82,0.2845,0.175,0.7605,0.8488
ResNet50,0.83,0.2864,0.1768,0.7548,0.8518
ResNet50,0.84,0.2897,0.1795,0.751,0.8553
ResNet50,0.85,0.2903,0.1804,0.7433,0.8576
ResNet50,0.86,0.2932,0.183,0.7375,0.8612
ResNet50,0.87,0.2966,0.1863,0.728,0.8659
ResNet50,0.88,0.3014,0.1904,0.7222,0.8705
ResNet50,0.89,0.3066,0.195,0.7165,0.8753
ResNet50,0.9,0.3098,0.1982,0.7088,0.8791
ResNet50,0.91,0.3158,0.2037,0.7031,0.8841
ResNet50,0.92,0.3233,0.2104,0.6973,0.8897
ResNet50,0.93,0.3263,0.2148,0.6782,0.8955
ResNet50,0.94,0.3345,0.2237,0.6628,0.903
ResNet50,0.95,0.3376,0.2298,0.636,0.9101
EfficientNet-B4,0.05,0.0793,0.0413,1.0,0.0208
EfficientNet-B4,0.06,0.0797,0.0415,1.0,0.0258
EfficientNet-B4,0.07,0.08,0.0417,1.0,0.0308
EfficientNet-B4,0.08,0.0805,0.0419,1.0,0.0365
EfficientNet-B4,0.09,0.0809,0.0422,1.0,0.0425
EfficientNet-B4,0.1,0.0814,0.0424,1.0,0.0478
EfficientNet-B4,0.11,0.0817,0.0426,1.0,0.0522
EfficientNet-B4,0.12,0.0821,0.0428,1.0,0.0568
EfficientNet-B4,0.13,0.0825,0.043,1.0,0.0616
EfficientNet-B4,0.14,0.0828,0.0432,1.0,0.0659
EfficientNet-B4,0.15,0.0831,0.0433,1.0,0.0695
EfficientNet-B4,0.16,0.0835,0.0436,1.0,0.0745
EfficientNet-B4,0.17,0.0839,0.0438,1.0,0.0796
EfficientNet-B4,0.18,0.0844,0.044,1.0,0.085
EfficientNet-B4,0.19,0.0848,0.0443,1.0,0.0895
EfficientNet-B4,0.2,0.0851,0.0445,1.0,0.0939
EfficientNet-B4,0.21,0.0855,0.0447,1.0,0.0985
EfficientNet-B4,0.22,0.0858,0.0448,0.9981,0.1033
EfficientNet-B4,0.23,0.0863,0.0451,0.9981,0.1085
EfficientNet-B4,0.24,0.0867,0.0453,0.9981,0.1132
EfficientNet-B4,0.25,0.0872,0.0456,0.9981,0.1187
EfficientNet-B4,0.26,0.0877,0.0459,0.9981,0.1244
EfficientNet-B4,0.27,0.0883,0.0462,0.9981,0.1308
EfficientNet-B4,0.28,0.0887,0.0464,0.9981,0.1359
EfficientNet-B4,0.29,0.0893,0.0468,0.9981,0.1421
EfficientNet-B4,0.3,0.0897,0.047,0.9962,0.1475
EfficientNet-B4,0.31,0.0902,0.0472,0.9962,0.1524
EfficientNet-B4,0.32,0.0906,0.0475,0.9962,0.1574
EfficientNet-B4,0.33,0.0909,0.0476,0.9943,0.1617
EfficientNet-B4,0.34,0.0913,0.0478,0.9923,0.1672
EfficientNet-B4,0.35,0.0918,0.0481,0.9923,0.172
EfficientNet-B4,0.36,0.0923,0.0484,0.9923,0.1775
EfficientNet-B4,0.37,0.0928,0.0487,0.9923,0.182
EfficientNet-B4,0.38,0.0932,0.0489,0.9923,0.1863
EfficientNet-B4,0.39,0.0937,0.0492,0.9923,0.1907
EfficientNet-B4,0.4,0.0942,0.0495,0.9923,0.1959
EfficientNet-B4,0.41,0.0948,0.0498,0.9923,0.201
EfficientNet-B4,0.42,0.095,0.0499,0.9885,0.2067
EfficientNet-B4,0.43,0.0955,0.0502,0.9885,0.2112
EfficientNet-B4,0.44,0.0961,0.0505,0.9885,0.2165
EfficientNet-B4,0.45,0.0967,0.0508,0.9885,0.222
EfficientNet-B4,0.46,0.0972,0.0511,0.9885,0.2266
EfficientNet-B4,0.47,0.0979,0.0515,0.9885,0.2327
EfficientNet-B4,0.48,0.0985,0.0518,0.9885,0.2374
EfficientNet-B4,0.49,0.0993,0.0523,0.9885,0.2443
EfficientNet-B4,0.5,0.0998,0.0526,0.9885,0.2489
EfficientNet-B4,0.51,0.1006,0.053,0.9885,0.2552
EfficientNet-B4,0.52,0.1012,0.0533,0.9885,0.2603
EfficientNet-B4,0.53,0.102,0.0537,0.9885,0.2663
EfficientNet-B4,0.54,0.1027,0.0542,0.9885,0.2725
EfficientNet-B4,0.55,0.1034,0.0546,0.9866,0.2795
EfficientNet-B4,0.56,0.1042,0.055,0.9866,0.285
EfficientNet-B4,0.57,0.1048,0.0553,0.9847,0.2913
EfficientNet-B4,0.58,0.1056,0.0558,0.9847,0.2976
EfficientNet-B4,0.59,0.1065,0.0563,0.9847,0.3037
EfficientNet-B4,0.6,0.1069,0.0565,0.9808,0.31
EfficientNet-B4,0.61,0.1078,0.0571,0.9808,0.3166
EfficientNet-B4,0.62,0.1089,0.0576,0.9808,0.3239
EfficientNet-B4,0.63,0.1097,0.0581,0.9789,0.3312
EfficientNet-B4,0.64,0.1107,0.0586,0.9789,0.3375
EfficientNet-B4,0.65,0.1115,0.0591,0.977,0.3442
EfficientNet-B4,0.66,0.1123,0.0596,0.9751,0.3508
EfficientNet-B4,0.67,0.1135,0.0603,0.9751,0.359
EfficientNet-B4,0.68,0.1147,0.061,0.9751,0.3667
EfficientNet-B4,0.69,0.1159,0.0616,0.9751,0.3737
EfficientNet-B4,0.7,0.1171,0.0623,0.9732,0.3822
EfficientNet-B4,0.71,0.1187,0.0632,0.9732,0.3916
EfficientNet-B4,0.72,0.1201,0.064,0.9732,0.4001
EfficientNet-B4,0.73,0.1215,0.0648,0.9732,0.4076
EfficientNet-B4,0.74,0.1233,0.0658,0.9732,0.4175
EfficientNet-B4,0.75,0.1247,0.0666,0.9693,0.4275
EfficientNet-B4,0.76,0.1263,0.0676,0.9674,0.4373
EfficientNet-B4,0.77,0.1286,0.0689,0.9674,0.4488
EfficientNet-B4,0.78,0.1307,0.0701,0.9655,0.46
EfficientNet-B4,0.79,0.1323,0.0711,0.9598,0.471
EfficientNet-B4,0.8,0.1345,0.0723,0.9559,0.4831
EfficientNet-B4,0.81,0.1374,0.074,0.9559,0.4956
EfficientNet-B4,0.82,0.1398,0.0754,0.9521,0.508
EfficientNet-B4,0.83,0.1427,0.0771,0.9483,0.5216
EfficientNet-B4,0.84,0.1459,0.0791,0.9444,0.5362
EfficientNet-B4,0.85,0.1482,0.0805,0.9349,0.5496
EfficientNet-B4,0.86,0.1504,0.0819,0.9176,0.5664
EfficientNet-B4,0.87,0.155,0.0847,0.9157,0.5826
EfficientNet-B4,0.88,0.159,0.0872,0.9004,0.6027
EfficientNet-B4,0.89,0.1635,0.09,0.8927,0.6195
EfficientNet-B4,0.9,0.1696,0.0938,0.8812,0.6412
EfficientNet-B4,0.91,0.1741,0.0969,0.8582,0.6626
EfficientNet-B4,0.92,0.1785,0.1001,0.8238,0.6878
EfficientNet-B4,0.93,0.1857,0.1052,0.7931,0.7155
EfficientNet-B4,0.94,0.1935,0.1112,0.7452,0.7489
EfficientNet-B4,0.95,0.2008,0.1177,0.6839,0.7839
